Tensp,giatu,giaden,daban,diadiem,Column6,Column7,gia goc,giam
Mặt nạ giấy dưỡng da Hàn Quốc innisfree My Real Squeeze Mask 22ml,27000,23000,Đã bán 219k,TP. Hồ Chí Minh,,,,
"Mặt nạ nội địa trung cao cấp các loại, giúp cấp ẩm, trắng da, kiềm dầu, se khít lỗ chân lông",2000,1000,Đã bán 46k,TP. Hồ Chí Minh,Mua để nhận quà,,,
"Serum The Ordinary Niacinamide 10% + Zinc 1% 30ml, giảm mụn giảm thâm, se khít lỗ chân lông",-,169000,"Đã bán 25,8k",TP. Hồ Chí Minh,,₫,335000,
Tẩy da chết mặt cà phê Đắk Lắk Cocoon cho làn da mềm mại & rạng rỡ 150ml,,165000,"Đã bán 100,6k",TP. Hồ Chí Minh,,,,Giảm ₫20k
Combo 10 Mặt Nạ Giấy BIOAQUA Trái Cây Dưỡng Da Trắng Sáng Cấp Ẩm Nước Giảm Mụn Mask Hoa Quả CHARM BEAUTY,-,14900,"Đã bán 5,8k",TP. Hồ Chí Minh,,₫,19500,
Mặt nạ giấy dưỡng trắng da mụn cấp ẩm thải độc HA Images - mn02,-,1000,"Đã bán 1,5tr",Hà Nội,Mua để nhận quà,₫,3500,
"Gel Tẩy Da Chết, Tẩy Tế Bào Chết Mặt chiết xuất Nha Đam làm sạch sâu da sạch mịn tươi sáng",36000,18000,"Đã bán 2,6k",Nước ngoài,,,,3% Giảm
Mặt nạ đất sét BEPLAIN X LeoJ 120ml từ đậu xanh se khít lỗ chân lông giảm mụn đầu đen,590000,345000,"Đã bán 28,9k",Hàn Quốc,,,,15% Giảm
[BANOBAGI] Combo 10 Mặt Nạ Bổ Sung Vitamin Vita Genic BANOBAGI (30ml x 10),250000,135000,"Đã bán 7,9k",TP. Hồ Chí Minh,Mua Kèm Deal Sốc,,,
Mặt Nạ Bổ Sung Vitamin Cho Da BANOBAGI Vita Mask 30g,-,13500,"Đã bán 53,4k",TP. Hồ Chí Minh,Mua Kèm Deal Sốc,₫,14500,
CODE Gel tẩy tế bào chết dưỡng da tươi trẻ trắng sáng 60g tinh chất lô hội tự nhiên,15000,8900,"Đã bán 8,3k",Nước ngoài,,,,
"Mặt nạ Banobagi dưỡng ẩm, bổ sung Vitamin Vita Genic Jelly Mask các loại ( Miếng lẻ ) 30g",,20000,"Đã bán 233,6k",Hà Nội,,,,
Kem Chống Nắng Skin1004 Madagascar Centella Air-Fit Suncream Plus Loại 50ml,399000,115500,Đã bán 2k,Ninh Bình,,,,Giảm ₫10k
"CÀ PHÊ ĐẮK LẮK LÀM SẠCH DA CHẾT CƠ THỂ COCOON (PHIÊN BẢN GIỚI HẠN) ""CHUNG TAY BẢO VỆ CHÓ MÈO"" 200ML",,125000,"Đã bán 3,2k",TP. Hồ Chí Minh,Mua để nhận quà,,,Giảm ₫10k
"Mặt nạ dưỡng da, mặt nạ dưỡng trắng cấp ẩm mờ thâm bổ sung collagen tinh chất ốc sên Nội Địa Trung",-,1000,"Đã bán 2,1tr",Hà Nội,Mua Kèm Deal Sốc,₫,1999,
"Mặt nạ nhau thai cừu cuống rốn tế bào gốc Nhật Bản Rwine Beauty dưỡng da, cung cấp độ ẩm, tái tạo collagen MN01",7000,3500,"Đã bán 752,2k",Hà Nội,Mua Kèm Deal Sốc,,,
"COMBO 10 Miếng Mặt Nạ BANOBAGI Thế Hệ Mới, Dưỡng Da Chuyên Sâu Dành Cho Mọi Loại Da 30ml (Vita Genic ,Vita Cocktail)",-,137000,"Đã bán 7,1k",Hà Nội,Mua để nhận quà,₫,258000,
"Mặt Nạ BANOBAGI PREMIUM Vita Genic Jelly Mask Hydrating giúp cấp ẩm, phục hồi da 30ml",-,14500,"Đã bán 12,9k",Hà Nội,Mua để nhận quà,₫,16000,
"[CHÍNH HÃNG]Toner dưỡng ẩm, Nước cân bằng da Klairs 180ml không mùi, dưỡng ẩm tức thì – Nước hoa hồng dưỡng ẩm",409000,125000,"Đã bán 2,7k",Hà Nội,Mua Kèm Deal Sốc,,,Giảm ₫3k
Mặt nạ đất sét HOBEBAR 55g làm sạch sâu se khít lỗ chân lông loại bỏ mụn đầu đen hiệu quả và làm khô vết nhân mụn mask,80000,48000,"Đã bán 1,7k",TP. Hồ Chí Minh,Mua Kèm Deal Sốc,,,Giảm ₫6k
"Nước Xịt khoáng Evoluderm Atomiseur Eau Pure chính hãng dưỡng ẩm, làm dịu da 400ml",295000,149000,"Đã bán 32,8k",TP. Hồ Chí Minh,Mua để nhận quà,,,Giảm ₫20k
Dầu dưỡng tóc L'Oreal Paris Elseve Extraordinary Oil 100ml,229000,220000,"Đã bán 61,8k",TP. Hồ Chí Minh,Mua để nhận quà,,,10% Giảm
Kem chống nắng x20 thoáng da mỏng nhẹ L'Oreal Paris UV Defender Serum 50ml SPF 50+,-,254000,"Đã bán 219,1k",TP. Hồ Chí Minh,Mua để nhận quà,₫,304000,10% Giảm
Tinh chất ốc sên COSRX 96 Mucin 100ml / 20ml hỗ trợ tái tạo dưỡng ẩm cho da,-,328000,"Đã bán 19,3k",Hàn Quốc,,₫,665000,20% Giảm
Xịt Khoáng Cố Định Lớp Trang Điểm Dưỡng Ẩm Kiềm Dầu Lâu Trôi 100ml,36000,18800,"Đã bán 6,8k",Nước ngoài,Mua Kèm Deal Sốc,,,
hộp 50 miếng mặt nạ tế bào gốc NHẬT BẢN ( chính hãng date 2026),210000,105000,"Đã bán 21,2k",Hà Nội,,,,
[BANOBAGI] Mặt Nạ Bổ Sung Vitamin Vita Genic BANOBAGI 30ml,25000,13900,Đã bán 33k,TP. Hồ Chí Minh,Mua Kèm Deal Sốc,,,
"Mặt nạ bùn đất sét BEUCLAY trà xanh sáng da, se khít lỗ chân lông, kiểm soát dầu, ngăn ngừa mụn cám mụn đầu đen",-,99000,"Đã bán 23,6k",TP. Hồ Chí Minh,Mua để nhận quà,₫,250000,3% Giảm
[MUA 1 HỘP TẶNG 1 MIẾNG] - Mặt Nạ Giấy COLORKEY LUMINOUS Vitamin B5 Cấp Ẩm PHIÊN BẢN NÂNG CẤP 10 miếng/hộp,208000,98000,"Đã bán 12,7k",TP. Hồ Chí Minh,,,,
[Mã FMCGWA102 giảm 10% đơn 400K] Sữa Chống Nắng Dưỡng Da Anessa Perfect UV SPF50+/PA++++ 60ml,715000,399000,Đã bán 62k,Bình Dương,Mua để nhận quà,,,Giảm ₫25k
Combo siêu dưỡng HOBEBAR mặt nạ đất sét + kem dưỡng ẩm phục hồi cấp nước làm dịu da tức thì cải thiện hàng rào bảo vệ da,120000,62000,"Đã bán 1,3k",TP. Hồ Chí Minh,Mua để nhận quà,,,Giảm ₫6k
[COMBO 5 TẶNG 1]FOCALSKIN Mặt Nạ Giấy B5 RAU MÁ 5X Ceramide 5X Cấp Ẩm Phục Hồi Da Tổn Thương 25ml | Mask giấy dưỡng ẩm,-,28000,Đã bán 26k,Nước ngoài,Mua để nhận quà,₫,99000,
Mặt nạ Yuejin B5 Repair Control 25ml/miếng,-,15000,Đã bán 20k,TP. Hồ Chí Minh,Mua Kèm Deal Sốc,₫,25000,
Serum DELEVENTH arbutin glycyrrhiza glabra giảm thâm làm trắng sáng da kiềm dầu dưỡng ẩm và phục hồi da 37ml,168952,86800,"Đã bán 34,4k",Nước ngoài,,,,15% Giảm
"Gel lột mụn Blackhead Mask, mặt nạ lột mụn không gây đau rát, kháng khuẩn, cân bằng da, chính hãng Hanseoul",-,78000,"Đã bán 14,9k",Hà Nội,,₫,155000,
Mặt Nạ Ngủ Laneige Water Sleeping Mask EX 70ml Dưỡng Ẩm Bảo Vệ Da,790000,620000,"Đã bán 26,1k",TP. Hồ Chí Minh,Mua Kèm Deal Sốc,,,10% Giảm
Gel tẩy tế bào da chết Rosette Peeling Gel loại bỏ sợi bã nhờn cho da căng mịn Nhật Bản No.1 Cosme 120g,-,89000,Đã bán 24k,Hà Nội,,₫,128000,
Gel tẩy tế bào chết Rosette Peeling Gel Nhật Bản (No.1 Cosme),-,89000,"Đã bán 157,1k",Hà Nội,,₫,125000,
Cà phê Đắk Lắk làm sạch da mặt cocoon 150ml (Dak Lak coffee face polish),-,132000,"Đã bán 54,5k",TP. Hồ Chí Minh,Mua để nhận quà,₫,157600,Giảm ₫300k
"Kem Chống Nắng Sunplay Skin Aqua Dưỡng Da Trắng Mịn, Chống Nước, Ngừa Mụn, Dưỡng Ẩm Cho Mọi Loại Da SPF 50+, PA+++++",-,85000,"Đã bán 20,4k",TP. Hồ Chí Minh,,₫,118000,
HÀNG TẶNG KHÔNG BÁN - Tẩy da chết mặt cà phê Đắk Lắk Cocoon cho làn da mềm mại & rạng rỡ 150ml,,165000,Đã bán 9k,TP. Hồ Chí Minh,,,,Giảm ₫20k
Mặt nạ tinh chất căng mướt da Garnier 28g,,29000,"Đã bán 25,9k",TP. Hồ Chí Minh,Mua để nhận quà,,,
"Gel Nha Đam dưỡng ẩm 98% SIMU MMEI'R 300ml - Gel Lô Hội nội địa Trung dưỡng da, cấp ẩm cho da mặt",40000,25000,"Đã bán 46,2k",Hà Nội,Mua Kèm Deal Sốc,,,
Sữa rửa mặt Simple lành tính sạch thoáng - cho da nhạy cảm 150ml [CHÍNH HÃNG ĐỘC QUYỀN] [DIỆN MẠO MỚI],132000,105000,"Đã bán 364,6k",TP. Hồ Chí Minh,Mua để nhận quà,,,
Mặt Nạ Giấy Dưỡng Da Toàn Diện Foodaholic Mask (23g),-,9000,"Đã bán 48,9k",TP. Hồ Chí Minh,,₫,11000,
"[Torriden Chính hãng] Serum số 1 DIVE IN Hyaluronic Acid cho da sáng bóng, dưỡng ẩm sâu, không bết dính, 50ml, 50ml+50ml",-,387200,Đã bán 53k,Hàn Quốc,,₫,736000,15% Giảm
"Kem Dưỡng Ẩm, Làm Sáng, Trẻ Hóa Da Mặt Reihaku Hatomugi Moisturizing & Conditioning Milky Cream 300g",210000,125000,"Đã bán 8,5k",Hà Nội,,,,
"Mặt Nạ Giấy HA Images - Dưỡng Trắng, Cấp Ẩm, Thải Độc, Se Khít Lỗ Chân Lông cho Da Mụn",4000,3500,"Đã bán 4,4k",Hải Phòng,,,,Giảm ₫15k
Kem chống nắng Sunplay Skin Aqua Tone Up UV Lavender SPF50+ PA++++ 50g,250000,149000,"Đã bán 31,4k",TP. Hồ Chí Minh,Mua Kèm Deal Sốc,,,
Mặt nạ dưỡng da Vita Genic Jelly Mask BANOBAGI 30ml,-,12500,"Đã bán 147,9k",Hà Nội,Mua Kèm Deal Sốc,₫,25000,
Kem mắt giảm thâm với Caffeine Peptides và chiết xuất cam thảo - Eye Serum The Originote 15gr,125000,77000,Đã bán 47k,TP. Hồ Chí Minh,,,,Giảm ₫5k
"Serum ngừa mụn, sáng da, se khít Niacinamide 10% + Zinc 1% - The Ordinary",230000,146000,"Đã bán 106,5k",TP. Hồ Chí Minh,Mua để nhận quà,,,15% Giảm
"Kem rửa mặt sạch sâu, dưỡng ẩm tối ưu Hada Labo Advanced Nourish Hyaluronic Acid Cleanser 80g (Trắng)",110000,67000,"Đã bán 21,1k",TP. Hồ Chí Minh,Mua Kèm Deal Sốc,,,
"Sữa Rửa Mặt Simple Refreshing Facial Wash 150ml - Dịu Nhẹ Cho Da Dầu Mụn, Nhạy Cảm",-,39000,"Đã bán 48,8k",Hà Nội,,₫,92000,
"Mặt nạ giấy dưỡng ẩm, dưỡng trắng da Hàn Quốc Foodaholic Essential Mask 25ml",-,7900,"Đã bán 54,6k",Hà Nội,Mua Kèm Deal Sốc,₫,20000,
"Kem dưỡng da mặt nhau thai Seimy - Diamond Luxury dưỡng trắng , cấp ẩm, mờ nám, giảm mụn",179000,159000,"Đã bán 45,4k",Hà Nội,,,,Giảm ₫40k
Bộ Serum & Kem ngày & Kem đêm sáng da tức thì Glycolic Bright L'Oreal Paris,829000,382000,"Đã bán 76,3k",TP. Hồ Chí Minh,,,,10% Giảm
[MUA COMBO TẶNG 3 MIẾNG] - Combo 3 Hộp 3 màu Mặt Nạ Giấy COLORKEY LUMINOUS Vitamin B5 10 miếng/hộp,618000,264000,"Đã bán 1,9k",TP. Hồ Chí Minh,,,,
"Kem Dưỡng Ẩm Cafuné Witch Hazel Moisture Cream The Cafuné Dưỡng Trắng, Dưỡng Ẩm Làm Đều Màu Da 40gr",-,158000,"Đã bán 6,1k",TP. Hồ Chí Minh,Mua để nhận quà,₫,280000,5% Giảm
Gel giảm mụn và thâm Gamma SANTAGIFT thông thoáng lỗ chân lông 20g,180000,160000,"Đã bán 188,3k",TP. Hồ Chí Minh,,,,
"Serum ngừa mụn, sáng da, se khít Niacinamide 10% + Zinc 1% - The Ordinary",230000,146000,"Đã bán 106,5k",TP. Hồ Chí Minh,Mua để nhận quà,,,15% Giảm
Kem chống nắng nâng tone Smile Leader Sun Cream SPF50+ cho da dầu mụn và da khô 60ml | Mmall_vn,118000,69800,"Đã bán 12,7k",TP. Hồ Chí Minh,,,,
Nước Hoa Hồng Không Mùi Dưỡng Ẩm Da Và Làm Mềm Da Dear Klairs Supple Preparation Unscented Toner 180ml,385000,255000,"Đã bán 3,4k",Hà Nội,,,,Giảm ₫20k
"Nước Hoa Hồng Toner Hoa Cúc & AHA Ngừa Mụn, Giảm Dầu Dành Cho Da Dầu Mụn MILAGANICS 250ml (Chai)",-,40000,"Đã bán 86,8k",TP. Hồ Chí Minh,,₫,189000,50% Giảm
"Kem Dưỡng Ẩm, Làm Sáng, Trẻ Hóa Da Mặt Reihaku Hatomugi Moisturizing & Conditioning Milky Cream 300g",199000,125000,"Đã bán 31,7k",Hà Nội,,,,
Sữa rửa mặt Simple giúp kiềm dầu và ngừa mụn hiệu quả - cho da dầu mụn 150ml [CHÍNH HÃNG ĐỘC QUYỀN] [DIỆN MẠO MỚI],132000,105000,Đã bán 231k,TP. Hồ Chí Minh,Mua để nhận quà,,,
"Sữa rửa mặt Ý Dĩ Hatomugi dưỡng ẩm, trắng da Moisturizing & Facial Washing 170g",-,45000,"Đã bán 46,7k",Hà Nội,,₫,55000,
"Dưỡng chất cho da dầu mụn Garnier Bright Complete Anti-Acnes Booster Serum 4% [Niacinamide, BHA, AHA, Vitamin C] 30ml",329000,260000,"Đã bán 84,9k",TP. Hồ Chí Minh,Mua để nhận quà,,,10% Giảm
Serum DELEVENTH arbutin glycyrrhiza glabra giảm thâm làm trắng sáng da kiềm dầu dưỡng ẩm và phục hồi da 37ml,168952,86800,"Đã bán 34,4k",Nước ngoài,,,,15% Giảm
Mặt nạ Yuejin B5 Repair Control EGF Cấp ẩm phục hồi da (25ml),-,14000,"Đã bán 88,8k",TP. Hồ Chí Minh,Mua để nhận quà,₫,26000,50% Giảm
Serum dạng xịt khoáng căng bóng da First Spray Serum 50ml/100ml,-,304000,"Đã bán 1,5k",Hà Nội,,₫,485000,
(CẢNH BÁO FAKE ĐÃ CÓ LOGO) [Phân biệt Auth - Fake] Kem dưỡng Redwin Vitamin E Cream 300g Úc chính hãng,115000,95000,"Đã bán 28,5k",Hà Nội,Mua Kèm Deal Sốc,,,
"Sữa chống nắng hằng ngày dưỡng trắng cho da dầu Sunplay Skin Aqua Clear White SPF 50, PA++++ 25g",119000,105000,"Đã bán 55,3k",TP. Hồ Chí Minh,Mua để nhận quà,,,Giảm ₫10k
Combo Simple Tẩy trang 200ml + Sữa rửa mặt 150ml + Nước hoa hồng 200ml cho da sạch khỏe đàn hồi [CHÍNH HÃNG ĐỘC QUYỀN],399000,223000,"Đã bán 94,3k",TP. Hồ Chí Minh,Mua Kèm Deal Sốc,,,
Kem chống nắng nâng tông kiềm dầu innisfree Tone Up No Sebum Sunscreen EX SPF 50+ PA++++ 60 mL (New 2023),450000,427500,"Đã bán 12,7k",TP. Hồ Chí Minh,Mua để nhận quà,,,Giảm ₫50k
Serum giảm mụn thâm rỗ Seimy - Skin 7 Days - Công dụng 5 trong 1 hiệu quả sau 7 ngày 10ml,179000,155000,"Đã bán 134,3k",Hà Nội,,,,Giảm ₫40k
[SKINFOOD] caroten cà rốt nguôi đi nước hoa hồng dạng miếng 250g (60ea) / làm dịu vết đỏ / làm mát da nóng / thành phần tự nhiên / Carrot Carotene Calming Water Pad,598728,386000,"Đã bán 3,5k",Hàn Quốc,,,,10% Giảm
(Quà tặng) Tinh chất dưỡng ẩm INNISFREE Green Tea Seed Hyaluronic Serum 10mL,,90000,"Đã bán 8,3k",TP. Hồ Chí Minh,,,,
"Kem Chống Nắng Dưỡng Da, Ngừa Mụn Skin1004 Madagascar Centella Air-fit Suncream Plus SPF50+ PA++++ (50ml/20ml)",-,125000,"Đã bán 10,2k",TP. Hồ Chí Minh,Mua Kèm Deal Sốc,₫,276000,
Kem Dưỡng Ẩm Cấp Nước Neutrogena Hydro Boost Water Gel Mini 15g,150000,97000,"Đã bán 19,1k",TP. Hồ Chí Minh,Mua Kèm Deal Sốc,,,
Mặt Nạ Giấy Dưỡng Da Toàn Diện Foodaholic Mask (23g),-,9000,"Đã bán 48,9k",TP. Hồ Chí Minh,,₫,11000,
Combo Sữa Rửa Mặt và Gel giảm mụn và thâm Gamma SANTAGIFT 80g và 20g,,280000,"Đã bán 8,1k",TP. Hồ Chí Minh,,,,
"Mặt nạ giấy dưỡng ẩm, dưỡng trắng da Hàn Quốc Foodaholic Essential Mask 25ml",-,7900,"Đã bán 54,6k",Hà Nội,Mua Kèm Deal Sốc,₫,20000,
60 Miếng mặt nạ giảm mụn đầu đen LANBENA làm sạch sâu cho da dầu 30g,94000,68000,Đã bán 32k,Nước ngoài,Mua để nhận quà,,,5% Giảm
"Gel Nha Đam dưỡng ẩm 98% SIMU MMEI'R 300ml - Gel Lô Hội nội địa Trung dưỡng da, cấp ẩm cho da mặt",40000,25000,"Đã bán 46,2k",Hà Nội,Mua Kèm Deal Sốc,,,
SOUG Gel Tẩy Tế Bào Chết Làm Trắng Da Chiết Xuất Cam GMEELAN,84100,49900,"Đã bán 3,5k",Nước ngoài,,,,Giảm ₫4k
Tinh chất chống nắng hiệu chỉnh sắc da Sunplay Skin Aqua Tone Up UV Essence SPF50+ PA++++ 50g - Lavender MEOW COLLECTION,185000,163000,"Đã bán 125,9k",TP. Hồ Chí Minh,Mua để nhận quà,,,Giảm ₫10k
Serum The Ordinary Cấp ẩm hồi phục Hyaluronic Acid 2% + B5,230000,175000,Đã bán 27k,TP. Hồ Chí Minh,Mua để nhận quà,,,15% Giảm
Kem chống nắng PESTLO Safe Recipe Sun Essence SPF50 PA++++ 50ml,-,118000,"Đã bán 5,9k",Hà Nội,Mua để nhận quà,₫,279000,
Kem dưỡng ẩm sáng da hoa anh đào đảo Jeju innisfree Cherry Blossom Tone Up Cream 50ml,500000,460000,"Đã bán 21,6k",TP. Hồ Chí Minh,Mua để nhận quà,,,Giảm ₫50k
Mặt nạ đất sét Compliment 80ml,-,20000,"Đã bán 2,1k",TP. Hồ Chí Minh,,₫,99000,
Nước hoa hồng BadSkin Hyaluronic Spa Toner 500ml,500000,295000,"Đã bán 5,2k",Nghệ An,Mua Kèm Deal Sốc,,,Giảm ₫3k
"Bột ủ trắng đậu đỏ sữa non Obaxua nguyên chất sạch mịn - Giúp dưỡng trắng, cấp ẩm làm sạch sâu cho body",50000,29000,"Đã bán 27,4k",TP. Hồ Chí Minh,Mua để nhận quà,,,
"[Torriden Chính hãng] Set serum chăm sóc da căng bóng mịn số 1 DIVE IN Hyaluronic Acid, dưỡng ẩm sâu bên trong da, không bết dính, 50ml+50ml, 1 set",968000,736000,"Đã bán 17,3k",Hàn Quốc,,,,15% Giảm
"Mặt nạ bùn đất sét BEUCLAY trà xanh sáng da, se khít lỗ chân lông, kiểm soát dầu, ngăn ngừa mụn cám mụn đầu đen",-,99000,"Đã bán 6,2k",Hà Nội,Mua để nhận quà,₫,239000,3% Giảm
Kem chống nắng Skin1004 Madagascar Centella Airfit Suncream Plus SPF50+ PA++++ 50ml,-,119000,"Đã bán 39,3k",TP. Hồ Chí Minh,Mua Kèm Deal Sốc,₫,344000,
SỮA RỬA MẶT SIMPLE GIÚP DƯỠNG ẨM CHO DA TRÔNG KHỎE VÀ MỊN MÀNG 150ML [CHÍNH HÃNG ĐỘC QUYỀN] [DIỆN MẠO MỚI],132000,105000,"Đã bán 58,8k",TP. Hồ Chí Minh,Mua để nhận quà,,,
Sữa Rửa Mặt Compliment No Problem ngăn ngừa mụn sạch sâu 200ml,-,119000,"Đã bán 5,2k",TP. Hồ Chí Minh,Mua để nhận quà,₫,140000,
Sữa Chống Nắng Sáng Hồng Biore 30ml Tặng Nước tẩy trang Biore 25ml,102000,61000,"Đã bán 1,2k",TP. Hồ Chí Minh,,,,
"Mặt Nạ Giấy FOODAHOLIC Mask 23g (1 miếng) Chăm Sóc Da Toàn Diện Dưỡng Ẩm, Dưỡng Trắng Da Hàn Quốc",-,9000,"Đã bán 17,3k",Hà Nội,,₫,13900,
"Mặt nạ collage cấp ẩm mờ thâm, mặt nạ dưỡng da làm da mềm mịn cải thiện làn da khoẻ mạnh nội địa trung BIG SALE MART M18",2500,1900,Đã bán 53k,Hà Nội,,,,
Kem Rửa Mặt Dưỡng Ẩm Hada Labo Advanced Nourish Hyaluronic Acid Cleanser 80gr,79000,67000,"Đã bán 58,5k",Hà Nội,,,,10% Giảm
Papa Kem Chống Nắng Chiết Xuất Tràm Trà 50ml,327273,210000,"Đã bán 3,4k",Hàn Quốc,,,,60% Giảm
Kuzhen Mặt Nạ Nâng Cơ Mặt Tạo Cằm Chữ v Thon Gọn,35152,25000,"Đã bán 8,8k",Nước ngoài,,,,
Mặt Nạ Trái Cây Bioaqua Mask Dưỡng Trắng Cấp Ẩm Căng Bóng- Cung Cấp Vitamin Cho Làn Da Khỏe Đẹp,-,2800,"Đã bán 227,1k",TP. Hồ Chí Minh,Mua để nhận quà,₫,4000,
"Serum Dưỡng Sáng, Phục Hồi Cho Da Dầu Mụn, Nhạy Cảm Niacinamide 10% + Arbutin 2% Tia'm Vita B3 Source 40ml",659000,372000,"Đã bán 9,4k",TP. Hồ Chí Minh,,,,Giảm ₫10k
"Mascara dưỡng mi giữ ẩm, dài mi từ dầu dừa nguyên chất 5ml JULYHOUSE",-,29000,"Đã bán 54,4k",TP. Hồ Chí Minh,,₫,109000,
Kem Chống Nẻ - Kem Dưỡng Ẩm Chống Nứt Nẻ Da Heyxi 20g,40000,15000,Đã bán 32k,Thanh Hóa,,,,
Mặt Nạ Giấy Banobagi Mask Retinol Collagen Vitamin Viên Thuốc Dưỡng Trắng Da Mặt Cấp Ẩm Giảm Mụn Kiềm Dầu 30ml,-,7900,"Đã bán 12,8k",TP. Hồ Chí Minh,Mua để nhận quà,₫,15900,
🔥HOT🔥Sữa Rửa Mặt Chiết Xuất Bơ Hữu Cơ Dưỡng Ẩm Không Gây Kích Ứng HZMBB1592,24000,11000,"Đã bán 3,7k",Nước ngoài,Mua Kèm Deal Sốc,,,
"SỮA RỬA MẶT LA ROCHE POSAY CHO DA DẦU, MỤN, NHẠY CẢM EFFACLAR PURIFYING FOAMING GEL CHÍNH HÃNG 100%",-,51900,"Đã bán 14,1k",TP. Hồ Chí Minh,Mua Kèm Deal Sốc,₫,429000,
Kem Chống Nắng Skin1004 Madagascar Centella Air-Fit Suncream Plus 50ml,-,119000,"Đã bán 24,4k",TP. Hồ Chí Minh,,₫,276000,
"Sữa rửa mặt dạng gel sạch thoáng dịu nhẹ Garnier 2% [BHA, Vitamin C] cho da dầu mụn 120ml",169000,149000,"Đã bán 11,3k",TP. Hồ Chí Minh,Mua để nhận quà,,,Giảm ₫25k
[Loại 150ml] Sữa Rửa Mặt Cosrx Low PH Good Morning Gel Cleanser Dạng Gel Chiết Từ Dầu Cây Trà,180000,123000,Đã bán 128k,Hà Nội,,,,
Kem Chống Nắng Chiết Xuất Rau Má Skin1004 SPF50+ PA++++ 50ml Hasaki Sản Phẩm Chính Hãng,425000,276000,"Đã bán 15,5k",TP. Hồ Chí Minh,,,,Giảm ₫5k
Combo Simple Nước tẩy trang 200ml + Sữa rửa mặt 150ml + Nước hoa hồng 200ml + Sữa dưỡng dạng sữa 125ml,557000,282000,"Đã bán 5,8k",Bắc Ninh,Mua Kèm Deal Sốc,,,
Serum dưỡng sáng mờ thâm nám L'Oreal Paris Glycolic Bright 1.0% Glycolic Acid (AHA) 30ml,429000,373000,"Đã bán 58,8k",TP. Hồ Chí Minh,,,,10% Giảm
Mặt Nạ Giấy Dưỡng Da Cấp Ẩm Trắng Da Ngừa Mụn Thải Độc Mask Đắp Mặt HA IMAGES Nội Địa Trung MOCHI SHOP Trà Xanh,-,3000,"Đã bán 115,1k",TP. Hồ Chí Minh,,₫,4800,
"Sữa chống nắng dưỡng da ngừa mụn Sunplay Skin Aqua Acne Clear SPF 50, PA++++ 25g",122000,109000,"Đã bán 18,4k",TP. Hồ Chí Minh,Mua để nhận quà,,,Giảm ₫10k
Sữa Chống Nắng Anessa Cho Da Nhạy Cảm & Trẻ Em 60ml Perfect UV Sunscreen Mild Milk (For Sensitive Skin) SPF50+/PA++++,715000,441000,"Đã bán 10,5k",TP. Hồ Chí Minh,,,,Giảm ₫5k
Sữa Rửa Mặt Dịu Nhẹ Cho Da Nhạy Cảm Eucerin pH5 Sensitive Skin Facial Cleanser 100ml,109000,103000,"Đã bán 5,3k",TP. Hồ Chí Minh,Mua để nhận quà,,,
Kem chống nắng BEPLAIN Sunmuse lai Vật Lý & Hoá Học Nâng Tone & Hiệu chỉnh da SPF 50+ PA++++ 50mL,560000,330000,"Đã bán 11,7k",Hàn Quốc,,,,15% Giảm
Sữa rửa mặt CeraVe dành cho da thường và da khô CeraVe Foaming Facial Cleanser 236ml,,280000,"Đã bán 2,4k",Hà Nội,,,,Giảm ₫25k
Mặt nạ dưỡng da Vita Genic Jelly Mask BANOBAGI 30ml,19000,13000,"Đã bán 13,6k",Hà Nội,,,,
Sữa Rửa Mặt Compliment No Problem ngăn ngừa mụn sạch sâu 200ml,-,75000,"Đã bán 2,9k",TP. Hồ Chí Minh,,₫,100000,
Toner Pad BEPLAIN Cicaterol làm dịu & sáng da 180ml (70 miếng),530000,330000,"Đã bán 1,7k",Hàn Quốc,,,,15% Giảm
Sữa rửa mặt trắng da Hatomugi Cleansing Foam hạt Ý Dĩ,-,39000,"Đã bán 97,7k",Hà Nội,,₫,60000,
Nước hoa hồng Pyunkang Yul Essence Toner 30ml-200ml,-,55000,Đã bán 6k,TP. Hồ Chí Minh,Mua Kèm Deal Sốc,₫,235000,
Gel Nha Đam Dưỡng Ẩm & Làm Mềm Da - Gel Lô Hội 98% Aloe Vera Gel MILAGANICS 300ml (Hũ),-,25000,"Đã bán 53,2k",TP. Hồ Chí Minh,,₫,119000,50% Giảm
[Bill 189k - Mua 1 Tặng 1] Kem Rửa Mặt Hada Labo Sạch Sâu Dưỡng Ẩm 80g Hasaki Sản Phẩm Chính Hãng,79000,76000,"Đã bán 39,5k",TP. Hồ Chí Minh,Mua để nhận quà,,,
Tinh Chất Rau Má Giảm Mụn Và Làm Dịu Dành Cho Da Nhạy Cảm Skin1004 Madagascar Centella Ampoule 30ml/55ml/100ml,-,149000,"Đã bán 21,3k",TP. Hồ Chí Minh,Mua Kèm Deal Sốc,₫,397000,
"Mặt Nạ Dưỡng Da, Cấp Ẩm FoodAHolic 23g [ Lam Thảo Cosmetics - Sản Phẩm Chính Hãng ]",-,9000,"Đã bán 150,1k",TP. Hồ Chí Minh,,₫,23000,
làm dài và dày mi với Biotin Peptides và Chiết xuất nhân sâm - 2 in 1 Lash Brow Serum The Originote,119000,75000,"Đã bán 38,3k",TP. Hồ Chí Minh,,,,Giảm ₫5k
"Tinh chất Dear, Klairs Freshly Juiced Vitamin Drop 35ml",455000,318500,"Đã bán 40,6k",Hà Nội,,,,
"N80 Gel Tẩy Tế Bào Chết, Tẩy Da Chết Dành Cho Da Mặt Chiết Xuất Chanh Tươi 120gr",-,7500,"Đã bán 25,5k",Hà Nội,,₫,29000,
"Kem chống tia UV, chống nắng Sun Treatment SPF 50+",-,13988,"Đã bán 18,2k",Nước ngoài,Mua Kèm Deal Sốc,₫,18888,
"Megaduo Gel/Plus Gamma 15g-30g, Gel Giảm Mụn Ẩn, Thâm, Đầu Đen Cho Da Dầu Mụn - Dr Thêm",-,126000,Đã bán 117k,Hà Nội,,₫,135000,
Numbuzin Số 5 + Đệm Cô Đặc Vitamin-Niacinamide 180ml / 70 Miếng,533330,373331,Đã bán 4k,Hàn Quốc,Mua để nhận quà,,,
"Sữa rửa mặt không có xà phòng, làm sạch và loại bỏ tế bào da chết SVR SEBIACLEAR GEL MOUSSANT 55ml",140000,125000,"Đã bán 12,7k",TP. Hồ Chí Minh,,,,
Kem chống nắng vật lý kiềm dầu Make P:rem UV defense me. No sebum sun cream 50ml,-,100000,"Đã bán 4,8k",Hà Nội,,₫,360000,
Lẻ Kem Xù - Dnow - Sâm Vàng - Bl - Emon - BHN rojzy -BHĐ SHEENA - ac Thái - ac Mỹ - Pop .v.v.v.,-,2500,"Đã bán 33,4k",TP. Hồ Chí Minh,Mua Kèm Deal Sốc,₫,10000,10% Giảm
Sữa rửa mặt không gây kích ứng cho da nhạy cảm Eucerin pH5 Facial Cleanser 400ml,279000,229000,"Đã bán 47,8k",TP. Hồ Chí Minh,Mua để nhận quà,,,
Mặt nạ lột MEDIPEEL Red Lacto Collagen Wrapping Mask 70g,735000,460000,"Đã bán 3,2k",Hàn Quốc,,,,13% Giảm
FOCALLURE Miếng Dán Mụn Tái Tạo Chăm Sóc Làn Da 2g,16000,15000,"Đã bán 8,4k",TP. Hồ Chí Minh,Mua Kèm Deal Sốc,,,
"Gel Tẩy Nốt Ruồi DVELINIL Nga Tẩy Nốt Ruồi, Mụn Cơm, Mụn Cóc, Mụn Thịt",-,39000,Đã bán 67k,Hà Nội,,₫,89000,
"(BILL CANADA) Tinh chất, serum hỗ trợ giảm mụn, thu nhỏ lỗ chân lông Niacinamide 10% + Zinc 1% - The Ordinary.",-,169000,"Đã bán 57,4k",TP. Hồ Chí Minh,,₫,319000,
Mặt Nạ Banobagi Vita Genic Jelly Mask Vitamin (30ml),-,12500,"Đã bán 10,9k",TP. Hồ Chí Minh,,₫,12900,
Kem dưỡng Olay 7 in 1 bản uk ban ngày và ban đêm cao cấp,-,125000,Đã bán 34,Hà Nội,,₫,235000,Giảm ₫10k
Kem dưỡng trắng da tối ưu Hada Labo Perfect White Tranexamic Acid Cream 50g,240000,203000,"Đã bán 41,4k",TP. Hồ Chí Minh,,,,Giảm ₫15k
Papa recipe Niacinamide Zinc Serum (150ml) & Huyết Thanh (30ml),,327270,Đã bán 734,Hàn Quốc,,,,60% Giảm
Mặt nạ cấp ẩm dưỡng trắng da BNBG Mask 30ml,-,17000,"Đã bán 301,5k",TP. Hồ Chí Minh,,₫,29000,
Sữa rửa mặt 3-trong-1 giảm mụn & sáng da Garnier Bright Complete Anti-Acne Foam 100ml,119000,102000,Đã bán 19k,TP. Hồ Chí Minh,Mua để nhận quà,,,Giảm ₫10k
Dưỡng chất ban đêm sáng da ngừa thâm Garnier 10% Vitamin C Bright Complete Overnight Serum 30ml,349000,289000,"Đã bán 10,1k",TP. Hồ Chí Minh,Mua để nhận quà,,,10% Giảm
Hộp 12 gói mặt nạ cà rốt sủi bọt làm sạch bụi bẩn giảm mụn đầu đen dưỡng da P0533,-,5500,"Đã bán 44,3k",Hà Nội,,₫,12000,
Mặt Nạ Bùn Dạng Kem Làm Sạch Sâu (100ml),272727,210000,"Đã bán 5,7k",Hàn Quốc,,,,60% Giảm
Sữa Rửa Mặt Tạo Bọt Tơ Tằm Dưỡng Ẩm Làm Sạch Sâu Cỏ Mềm 150ml,150000,95000,Đã bán 38k,Hà Nội,Mua để nhận quà,,,
"Kem dưỡng ẩm HOBEBAR 55ml sáng da nâng tone tức thì, siêu phục hồi dưỡng ẩm mờ thâm kiểm soát dầu thừa, ngừa mụn trở lại",76000,45000,Đã bán 3k,TP. Hồ Chí Minh,Mua Kèm Deal Sốc,,,Giảm ₫6k
Sữa rửa mặt sáng da L'Oreal Paris Glycolic (AHA) Bright 100ml,139000,122000,"Đã bán 28,6k",TP. Hồ Chí Minh,Mua để nhận quà,,,10% Giảm
Combo Simple Tẩy trang Micellar 200ml + Sữa rửa mặt 150ml + Nước hoa hồng 200ml ngừa mụn hiệu quả [CHÍNH HÃNG ĐỘC QUYỀN],399000,223000,"Đã bán 73,6k",TP. Hồ Chí Minh,Mua Kèm Deal Sốc,,,
"Mặt Nạ BANOBAGI Bổ Sung Vitamin, Tái Tạo Làn Da Sáng Ngời Victa Genic 30ml_1 Miếng Lẻ",-,12900,"Đã bán 9,3k",TP. Hồ Chí Minh,,₫,15000,
Gel Giảm Mụn Và Thâm Cafuné Essence 15gram,-,138000,"Đã bán 70,3k",TP. Hồ Chí Minh,,₫,208000,3% Giảm
Tinh chất The Ordinary Niacinamide 10% + Zinc 1% giảm mụn giảm thâm,-,185000,"Đã bán 307,7k",TP. Hồ Chí Minh,,₫,320000,
"Kem rửa mặt cho da mụn, nhạy cảm Hada Labo Acne Care Calming Cleanser 80g",95000,86000,"Đã bán 12,6k",TP. Hồ Chí Minh,,,,
Dưỡng chất ban ngày làm sáng da [Vitamin C + Niacinamide] Garnier Bright Comple Booster Serum 30ml,279000,258000,"Đã bán 85,2k",TP. Hồ Chí Minh,Mua để nhận quà,,,10% Giảm
Mặt Nạ Phục Hồi Và Cấp Ẩm Da Yuejin Mask 25ml,-,12900,"Đã bán 5,5k",TP. Hồ Chí Minh,,₫,18000,
Kem dưỡng hỗ trợ làm dịu & phục hồi da La Roche-Posay Cicaplast Baume B5+ 100ml,635000,599000,"Đã bán 23,6k",TP. Hồ Chí Minh,,,,6% Giảm
Miếng Dán Lột Mụn Mũi Lanbena 30g Chăm Sóc Da Hiệu Quả (WITH FREE PAPER),156000,68000,"Đã bán 66,7k",Nước ngoài,Mua Kèm Deal Sốc,,,5% Giảm
"Sữa rửa mặt Cerave Foaming Cleanser, CeraVe Hydrating Cleanser, SA Cleanser cho mọi loại da 88ml, 236ml, 473ml",-,285000,"Đã bán 9,4k",Hà Nội,,₫,445000,Giảm ₫5k
Kem Dưỡng Ẩm Chuyên Sâu Với Coenzym Q10 Ngừa Lão Hoá Da Tơ Tằm Cỏ Mềm 50g,,315000,"Đã bán 19,9k",Hà Nội,,,,Giảm ₫20k
"Gel Rửa Mặt Cosrx Tràm Trà, 0.5% BHA Độ pH Thấp Low pH Good Morning Gel Cleanser 150ml Hasaki Sản Phẩm Chính Hãng",200000,132000,"Đã bán 34,5k",TP. Hồ Chí Minh,,,,
Kem dưỡng ẩm Embryolisse giúp phục hồi da Lait Crème Concentré Tuýp 30ml - 75ml,-,260000,"Đã bán 11,7k",Hà Nội,,₫,380000,
CODE Kem Lanolin Dưỡng Ẩm Chăm Sóc Da Khô Giúp Làm Trắng Kiểm Soát Dầu,17000,8900,"Đã bán 13,4k",Nước ngoài,,,,
"Bột đậu đỏ [ 1KG ] nguyên chất 100% Organic - Tắm trắng da, dưỡng ẩm, mờ thâm, tẩy TBC",-,75000,"Đã bán 56,9k",TP. Hồ Chí Minh,Mua để nhận quà,₫,125000,Giảm ₫10k
Sữa Chống Nắng Dưỡng Trắng Sunplay Skin Aqua Clear White Cho Da Dầu SPF50+ PA++++ (25g/55g),290000,175000,"Đã bán 16,7k",TP. Hồ Chí Minh,Mua Kèm Deal Sốc,,,
Tẩy da chết Rosette Gommage Peeling Gel 120g,-,79000,"Đã bán 26,4k",TP. Hồ Chí Minh,Mua Kèm Deal Sốc,₫,135000,
"Kem Dưỡng Ẩm Ban Đêm Căng Mướt, Sáng Khỏe & Ngăn Lão Hóa OLAY REGENERIST 50G",499000,369000,"Đã bán 29,8k",TP. Hồ Chí Minh,,,,6% Giảm
Kem dưỡng siêu cấp ẩm căng mượt da và giảm nếp nhăn L'Oreal Paris Revitalift Hyaluronic Acid 50ml,359000,294000,"Đã bán 24,6k",TP. Hồ Chí Minh,Mua để nhận quà,,,10% Giảm
"Kem dưỡng trắng da, hỗ trợ làn da lão hoá Forencos mini ban ngày và đêm 10ml/ 15ml",-,125000,Đã bán 13k,TP. Hồ Chí Minh,,₫,365000,10% Giảm
CODE Gel dưỡng ẩm chiết xuất lô hội hỗ trợ giảm mụn chăm sóc da,8000,5000,Đã bán 1k,Nước ngoài,,,,
"Sữa Rửa Mặt Nghệ Nhân Sâm MELA Góp Phần Ngăn Ngừa Mụn, Hỗ Trợ Làm Sáng Da 200ml - ML08",,180000,"Đã bán 59,9k",Hà Nội,,,,
Senana Toner 120ml Làm Trắng Dưỡng Ẩm Thu Nhỏ Lỗ Chân Lông Kiểm Soát Dầu Chăm Sóc Da Mặt Nước hoa hồng Toner Niacinamide A225,20000,14500,"Đã bán 2,1k",Nước ngoài,,,,
"Mặt Nạ Giấy Cấp Ẩm, Dưỡng Trắng Da Nature Republic Real Nature Mask Sheet 23ml",-,13000,"Đã bán 26,8k",TP. Hồ Chí Minh,,₫,15000,
Kem ngày dưỡng sáng mờ thâm nám L'Oreal Paris Glycolic (AHA) Bright SPF 17 50ml,329000,286000,"Đã bán 14,6k",TP. Hồ Chí Minh,Mua để nhận quà,,,10% Giảm
Tinh Chất vitamin c hyaluronic acid 1.5ml Làm Trắng Dưỡng Ẩm Chống Lão Hóa Cho Da,,2000,Đã bán 874,Nước ngoài,,,,
"Derma Forte Giảm Thâm Mụn, Dưỡng trắng mịn da - Bản Thường và bản Advanced - Bác Sĩ Mã Phượng",-,90000,"Đã bán 103,3k",Hà Nội,,₫,95000,Giảm ₫99k
Mặt nạ Banobagi dưỡng da bổ sung Vitamin Vita Genic Jelly Mask Giấy Stemcell BANOBAGI dưỡng ẩm 30ml,-,11000,"Đã bán 53,8k",Hà Nội,,₫,14500,
Combo da mụn Gel giảm mụn Actidem Derma Gel 18g + Gel rửa mặt Actidem Derma pH 150ml/ Derma Gel 40g/ Derma Extra 18g,-,125000,"Đã bán 23,6k",TP. Hồ Chí Minh,,₫,209000,
Sữa Rửa Mặt Senka Perfect Whip 100G & 120G,-,69000,"Đã bán 33,8k",Hà Nội,Mua Kèm Deal Sốc,₫,79000,Giảm ₫10k
Sữa rửa mặt làm sạch & tẩy tế bào chết dịu nhẹ CeraVe SA Smoothing Cleanser 236ml,,320000,"Đã bán 3,2k",TP. Hồ Chí Minh,Mua để nhận quà,,,10% Giảm
Kem Chống Nắng Dưỡng Trắng Nâng Tone Da Cell Fusion C Brightening Tone Up Sunscreen 100 SPF50+/PA ++++,-,349000,"Đã bán 8,5k",TP. Hồ Chí Minh,,₫,499000,10% Giảm
Serum B5 PrettySkin Hydra Tinh Chất Phục Hồi Da Hàn Quốc 50ml Giúp Dưỡng Trắng Phục Hồi Da,300000,150000,Đã bán 8,Hà Nội,,,,Giảm ₫8k
"HÀNG SẴN [20g]Kem giảm mụn, làm trắng da Acne Derm 20% Azelaic(Acnederm)",,200000,"Đã bán 25,9k",Hà Nội,,,,
"✅[CHÍNH HÃNG] Neostrata Peel Tái Tạo Da, Giảm Nếp Nhăn Ngăn Ngừa Lão Hóa Prosystem Retinol Peel 1.5ml",650000,259000,"Đã bán 7,1k",TP. Hồ Chí Minh,,,,Giảm ₫2k
"Kem dưỡng da Dear, Klairs Midnight Blue Calming Cream 60g",575000,402500,"Đã bán 38,1k",Hà Nội,,,,
Sữa Rửa Mặt Cetaphil Gentle Skin Cleanser 500ml,-,139000,"Đã bán 27,6k",Hà Nội,Mua Kèm Deal Sốc,₫,329000,
Sữa Chống Nắng Hàng Ngày Dưỡng Trắng Cho Da Dầu Sunplay Skin Aqua Clear White SPF50 25g - 55g,-,99000,"Đã bán 65,7k",Hà Nội,Mua để nhận quà,₫,179000,
Bộ kem ngày đêm sáng da tức thì Glycolic Bright & 2 Serum cấp ẩm L'Oreal Paris,1018000,546000,"Đã bán 15,5k",TP. Hồ Chí Minh,,,,10% Giảm
Mặt nạ giấy Banobagi dưỡng da bổ sung vitamin nuôi dưỡng tái tạo da mờ thâm cấp ẩm 30ml - HUNOXA,25000,15000,"Đã bán 3,6k",TP. Hồ Chí Minh,,,,
Nước Hoa Hồng Không Mùi Dưỡng Ẩm Và Làm Mềm Da Dear Klairs Supple Preparation Unscented Toner 180ml,-,79000,"Đã bán 92,2k",TP. Hồ Chí Minh,,₫,266000,
Gel Giảm Mụn Ngừa Thâm Gamma Derma Forte Bản Thường / Advanced 15g,-,88000,"Đã bán 7,9k",TP. Hồ Chí Minh,,₫,98000,Giảm ₫10k
"Tinh chất Oh!Oh! 20% Niacinamide & 2% Acetyl Glucosamine dưỡng sáng da, giảm thâm nám",-,279000,Đã bán 4k,TP. Hồ Chí Minh,,₫,589000,
Gói sample Kem OHUI trắng hồng căng bóng dưỡng ẩm chuyên sâu 1ml,3000,2900,"Đã bán 11,2k",Hà Nội,,,,
Mặt nạ viên Vitamin Mask Bioaqua Cấp ẩm Se khít Lỗ chân lông Giảm thâm Kiềm dầu,-,1000,"Đã bán 167,9k",Hà Nội,,₫,2590,
[SAMPLE] Kem Dưỡng OHUI Miracle Moisture Ceramide Boosting Cream 1ml,,5000,"Đã bán 5,6k",Hà Nội,,,,
Miếng Dán Mụn FOCALSKIN Hút Mụn Sạch | Che Mụn Tự Nhiên | Giảm Sưng Mụn | 60 Miếng Ngày và Đêm Makeup Trang Điểm Che Mụn,99000,69000,"Đã bán 2,7k",TP. Hồ Chí Minh,Mua Kèm Deal Sốc,,,3% Giảm
Sữa rửa mặt dưỡng ẩm da innisfree Green Tea Amino Cleansing Foam 150g,280000,232400,"Đã bán 48,9k",TP. Hồ Chí Minh,Mua để nhận quà,,,Giảm ₫40k
[HB GIFT] Bộ 2 Mặt nạ ngủ dưỡng ẩm cho da Laneige Water Sleeping Mask 15mlx2,,400000,"Đã bán 22,9k",TP. Hồ Chí Minh,,,,10% Giảm
"[HÀNG CHÍNH HÃNG]Miếng dán mụn, vết thương, sẹo, phỏng bô...đa năng Duoderm Extrathin",-,34900,"Đã bán 46,6k",TP. Hồ Chí Minh,Mua để nhận quà,₫,64400,
"Sữa Chống Nắng Sunplay Super Block SPF 81, PA++++ 70g",,82000,"Đã bán 12,9k",TP. Hồ Chí Minh,Mua Kèm Deal Sốc,,,
[HB gift] Bộ 2 Kem chống nắng Laneige Radian-C Sun Cream SPF 50+ PA++++10ml x 2,,300000,Đã bán 8k,TP. Hồ Chí Minh,,,,5% Giảm
Mặt nạ nội địa trung Mivino dưỡng trắng da dưỡng ẩm cao cấp B89,2500,1950,"Đã bán 23,3k",Hà Nội,,,,
Kem làm dịu hồi phục da Avene Cicalfate Repair Cream (Pháp),-,240000,"Đã bán 113,7k",TP. Hồ Chí Minh,,₫,355000,
Sữa rửa mặt COSRX Salicylic Axit 0.5% 150ml tái tạo da hiệu quả,-,85000,"Đã bán 28,4k",Hàn Quốc,,₫,367000,
[Đủ bill Mua hàng] Kem Chống Nắng Phổ Rộng Heliocare SPF50+,-,385000,"Đã bán 7,9k",Bình Dương,,₫,645000,
Kem Dưỡng Trắng Làm Mờ Đốm Nâu Laneige Radian-C Cream 50ml,1200000,895000,"Đã bán 17,8k",TP. Hồ Chí Minh,Mua Kèm Deal Sốc,,,10% Giảm
Sữa rửa mặt SVR SEBIACLEAR Gel Moussant 55ml/400ml,-,105000,"Đã bán 8,5k",TP. Hồ Chí Minh,Mua Kèm Deal Sốc,₫,399000,
[Mẫu mới] Kem dưỡng ẩm La Roche Posay Cicaplast Baume B5+,-,245000,"Đã bán 35,1k",TP. Hồ Chí Minh,,₫,380000,
[Chỉ còn 167Ksau voucher] Bộ sản phẩm 02 Kem chống nắng dạng sữa Senka Perfect UV Milk 40ml,,418000,Đã bán 861,TP. Hồ Chí Minh,,,,
Tinh chất cấp ẩm hồi phục The Ordinary Hyaluronic Acid 2% + B5,-,240000,"Đã bán 116,6k",TP. Hồ Chí Minh,,₫,425000,
[HB GIFT] Bộ 4 Mặt nạ ngủ dưỡng ẩm cho da Laneige Water Sleeping Mask 15mlx4,,680000,"Đã bán 21,2k",TP. Hồ Chí Minh,,,,10% Giảm
"Bột Đắp Mặt Nạ Ngăn Ngừa Mụn, Dưỡng Da Trắng Mịn MILAGANICS 100g (Túi Zip)",-,19000,"Đã bán 58,5k",TP. Hồ Chí Minh,,₫,49000,50% Giảm
[Duy nhất 25.1 - Giá chỉ còn 150500Đ] Combo Simple Tẩy trang 200ml + Sữa rửa mặt 150ml + Nước hoa hồng 200ml,,399000,Đã bán 3k,TP. Hồ Chí Minh,,,,
Kem dưỡng Olay 7 in 1 bản uk ban ngày và ban đêm cao cấp,-,287500,Đã bán 1,Hà Nội,,₫,500000,Giảm ₫8k
Kem Giảm Thâm Mụn SANTAGIFT SPF30 - Trắng sáng - Ức chế sắc tố - Chống nắng - 20g,-,99000,Đã bán 17k,TP. Hồ Chí Minh,Mua Kèm Deal Sốc,₫,134000,
(QUÀ TẶNG LÌ XÌ) Gel tẩy tế bào chết Rosette Peeling Gel từ AHA trái cây tự nhiên Nhật Bản (No.1 Cosme) - Bahachiha,-,88000,"Đã bán 1,8k",Hà Nội,,₫,150000,
Mặt nạ Bivota mặt nạ dưỡng da trắng da cấp ẩm thải độc da nội địa trung B89,-,1900,"Đã bán 3,1k",Hà Nội,Mua để nhận quà,₫,2500,
Kem Chống Nắng The Saem Eco Earth Power Pink Sun Cream EX SPF50++++,-,57500,"Đã bán 1,7k",Hà Nội,,₫,115000,
[Mã ICBTUE251 giảm 25K đơn 149K] kem hỗ trợ giảm mụn URI - DERLUMAX,-,189000,"Đã bán 1,3k",Bình Định,Mua để nhận quà,₫,499000,10% Giảm
Gel chấm giảm mụn Dr.PONG 28H Whitening Drone Acne Clear Spot 10g,,199000,"Đã bán 5,1k",TP. Hồ Chí Minh,,,,Giảm ₫35k
kem dưỡng Ẩm giảm mụn la roche-posay effaclar duo+ 40ml trị thâm mụn Kem Giảm Mụn,-,235000,Đã bán 709,Hà Nội,,₫,460000,20% Giảm
,,,,,,,,
